{"cameraMode":{"drawMode":0,"name":"Shaded","section":"Shading Mode"},"sceneLighting":false,"audioPlay":false,"sceneViewState":{"showFog":true,"showMaterialUpdate":false,"showSkybox":false,"showFlares":true,"showImageEffects":true,"showParticleSystems":true},"in2DMode":false,"pivot":{"x":-0.31392431259155276,"y":3.114962339401245,"z":-244.57293701171876},"rotation":{"x":0.07143175601959229,"y":-0.01446203887462616,"z":0.001036956673488021,"w":0.9973446726799011},"size":13.18684196472168,"orthographic":false}