{"cameraMode":{"drawMode":0,"name":"Shaded","section":"Shading Mode"},"sceneLighting":true,"audioPlay":false,"sceneViewState":{"showFog":true,"showMaterialUpdate":false,"showSkybox":true,"showFlares":true,"showImageEffects":true,"showParticleSystems":true},"in2DMode":false,"pivot":{"x":15.224517822265625,"y":-27.263673782348634,"z":3.087296485900879},"rotation":{"x":-0.06942905485630036,"y":-0.021040741354227067,"z":0.0014620393048971892,"w":-0.997372567653656},"size":289.98663330078127,"orthographic":false}